{
    "3": {
        "20": {
            "20": {
                "TOTAL_TIME": {
                    "mean": 18064.390420913696,
                    "min": 18064.390420913696,
                    "max": 18064.390420913696
                },
                "initialization": {
                    "mean": 393.037,
                    "min": 393.037,
                    "max": 393.037
                },
                "Load tiff": {
                    "mean": 16.6482,
                    "min": 16.6482,
                    "max": 16.6482
                },
                "Offset": {
                    "mean": 0.339028,
                    "min": 0.339028,
                    "max": 0.339028
                },
                "Pic to device async": {
                    "mean": 0.0247654,
                    "min": 0.0247654,
                    "max": 0.0247654
                },
                "Load push job": {
                    "mean": 0.00300362,
                    "min": 0.00300362,
                    "max": 0.00300362
                },
                "Transfer neighbors": {
                    "mean": 0.0950387,
                    "min": 0.0950387,
                    "max": 0.0950387
                },
                "Offset wait": {
                    "mean": 2.99229,
                    "min": 2.99229,
                    "max": 2.99229
                },
                "Offset push": {
                    "mean": 0.0087376,
                    "min": 0.0087376,
                    "max": 0.0087376
                },
                "Finalize wait": {
                    "mean": 3.16341,
                    "min": 3.16341,
                    "max": 3.16341
                },
                "Subpixel max": {
                    "mean": 0.00649103,
                    "min": 0.00649103,
                    "max": 0.00649103
                },
                "Offsets finalisation": {
                    "mean": 0.000808015,
                    "min": 0.000808015,
                    "max": 0.000808015
                },
                "Finalize": {
                    "mean": 0.177146,
                    "min": 0.177146,
                    "max": 0.177146
                },
                "TOTAL": {
                    "mean": 17913.2,
                    "min": 17913.2,
                    "max": 17913.2
                }
            },
            "110": {
                "TOTAL_TIME": {
                    "mean": 16909.451007843018,
                    "min": 16909.451007843018,
                    "max": 16909.451007843018
                },
                "initialization": {
                    "mean": 401.259,
                    "min": 401.259,
                    "max": 401.259
                },
                "Load tiff": {
                    "mean": 15.5392,
                    "min": 15.5392,
                    "max": 15.5392
                },
                "Offset": {
                    "mean": 1.27718,
                    "min": 1.27718,
                    "max": 1.27718
                },
                "Pic to device async": {
                    "mean": 0.0275834,
                    "min": 0.0275834,
                    "max": 0.0275834
                },
                "Load push job": {
                    "mean": 0.00221972,
                    "min": 0.00221972,
                    "max": 0.00221972
                },
                "Transfer neighbors": {
                    "mean": 0.185494,
                    "min": 0.185494,
                    "max": 0.185494
                },
                "Offset wait": {
                    "mean": 1.83798,
                    "min": 1.83798,
                    "max": 1.83798
                },
                "Offset push": {
                    "mean": 0.00500458,
                    "min": 0.00500458,
                    "max": 0.00500458
                },
                "Finalize wait": {
                    "mean": 2.94223,
                    "min": 2.94223,
                    "max": 2.94223
                },
                "Subpixel max": {
                    "mean": 0.00662545,
                    "min": 0.00662545,
                    "max": 0.00662545
                },
                "Offsets finalisation": {
                    "mean": 0.000375501,
                    "min": 0.000375501,
                    "max": 0.000375501
                },
                "Finalize": {
                    "mean": 0.178282,
                    "min": 0.178282,
                    "max": 0.178282
                },
                "TOTAL": {
                    "mean": 16771.4,
                    "min": 16771.4,
                    "max": 16771.4
                }
            }
        },
        "110": {
            "20": {
                "TOTAL_TIME": {
                    "mean": 18112.89095878601,
                    "min": 18112.89095878601,
                    "max": 18112.89095878601
                },
                "initialization": {
                    "mean": 428.817,
                    "min": 428.817,
                    "max": 428.817
                },
                "Load tiff": {
                    "mean": 16.673,
                    "min": 16.673,
                    "max": 16.673
                },
                "Offset": {
                    "mean": 0.475665,
                    "min": 0.475665,
                    "max": 0.475665
                },
                "Pic to device async": {
                    "mean": 0.0243246,
                    "min": 0.0243246,
                    "max": 0.0243246
                },
                "Load push job": {
                    "mean": 0.00277074,
                    "min": 0.00277074,
                    "max": 0.00277074
                },
                "Transfer neighbors": {
                    "mean": 0.108341,
                    "min": 0.108341,
                    "max": 0.108341
                },
                "Offset wait": {
                    "mean": 2.80603,
                    "min": 2.80603,
                    "max": 2.80603
                },
                "Offset push": {
                    "mean": 0.0641179,
                    "min": 0.0641179,
                    "max": 0.0641179
                },
                "Finalize wait": {
                    "mean": 2.67569,
                    "min": 2.67569,
                    "max": 2.67569
                },
                "Subpixel max": {
                    "mean": 0.0227279,
                    "min": 0.0227279,
                    "max": 0.0227279
                },
                "Offsets finalisation": {
                    "mean": 0.00333276,
                    "min": 0.00333276,
                    "max": 0.00333276
                },
                "Finalize": {
                    "mean": 0.670609,
                    "min": 0.670609,
                    "max": 0.670609
                },
                "TOTAL": {
                    "mean": 17977.9,
                    "min": 17977.9,
                    "max": 17977.9
                }
            },
            "110": {
                "TOTAL_TIME": {
                    "mean": 29911.24129295349,
                    "min": 29911.24129295349,
                    "max": 29911.24129295349
                },
                "initialization": {
                    "mean": 489.185,
                    "min": 489.185,
                    "max": 489.185
                },
                "Load tiff": {
                    "mean": 9.86778,
                    "min": 9.86778,
                    "max": 9.86778
                },
                "Offset": {
                    "mean": 5.53172,
                    "min": 5.53172,
                    "max": 5.53172
                },
                "Pic to device async": {
                    "mean": 0.037408,
                    "min": 0.037408,