{
    "7": {
        "20": {
            "20": {
                "TOTAL_TIME": {
                    "mean": 17428.27606201172,
                    "min": 17428.27606201172,
                    "max": 17428.27606201172
                },
                "initialization": {
                    "mean": 429.079,
                    "min": 429.079,
                    "max": 429.079
                },
                "Load tiff": {
                    "mean": 37.3257,
                    "min": 37.3257,
                    "max": 37.3257
                },
                "Offset": {
                    "mean": 0.847829,
                    "min": 0.847829,
                    "max": 0.847829
                },
                "Pic to device async": {
                    "mean": 0.050219,
                    "min": 0.050219,
                    "max": 0.050219
                },
                "Load push job": {
                    "mean": 0.00310948,
                    "min": 0.00310948,
                    "max": 0.00310948
                },
                "Transfer neighbors": {
                    "mean": 0.139656,
                    "min": 0.139656,
                    "max": 0.139656
                },
                "Offset wait": {
                    "mean": 6.6543,
                    "min": 6.6543,
                    "max": 6.6543
                },
                "Offset push": {
                    "mean": 0.00465332,
                    "min": 0.00465332,
                    "max": 0.00465332
                },
                "Finalize wait": {
                    "mean": 7.17629,
                    "min": 7.17629,
                    "max": 7.17629
                },
                "Subpixel max": {
                    "mean": 0.0107713,
                    "min": 0.0107713,
                    "max": 0.0107713
                },
                "Offsets finalisation": {
                    "mean": 0.00126925,
                    "min": 0.00126925,
                    "max": 0.00126925
                },
                "Finalize": {
                    "mean": 0.330935,
                    "min": 0.330935,
                    "max": 0.330935
                },
                "TOTAL": {
                    "mean": 17303.0,
                    "min": 17303.0,
                    "max": 17303.0
                }
            },
            "110": {
                "TOTAL_TIME": {
                    "mean": 51441.306829452515,
                    "min": 51441.306829452515,
                    "max": 51441.306829452515
                },
                "initialization": {
                    "mean": 438.417,
                    "min": 438.417,
                    "max": 438.417
                },
                "Load tiff": {
                    "mean": 20.2255,
                    "min": 20.2255,
                    "max": 20.2255
                },
                "Offset": {
                    "mean": 22.5338,
                    "min": 22.5338,
                    "max": 22.5338
                },
                "Pic to device async": {
                    "mean": 0.0912991,
                    "min": 0.0912991,
                    "max": 0.0912991
                },
                "Load push job": {
                    "mean": 92.2232,
                    "min": 92.2232,
                    "max": 92.2232
                },
                "Transfer neighbors": {
                    "mean": 0.946669,
                    "min": 0.946669,
                    "max": 0.946669
                },
                "Offset wait": {
                    "mean": 0.0700449,
                    "min": 0.0700449,
                    "max": 0.0700449
                },
                "Offset push": {
                    "mean": 0.0191696,
                    "min": 0.0191696,
                    "max": 0.0191696
                },
                "Finalize wait": {
                    "mean": 22.2951,
                    "min": 22.2951,
                    "max": 22.2951
                },
                "Subpixel max": {
                    "mean": 0.0110458,
                    "min": 0.0110458,
                    "max": 0.0110458
                },
                "Offsets finalisation": {
                    "mean": 0.0011611,
                    "min": 0.0011611,
                    "max": 0.0011611
                },
                "Finalize": {
                    "mean": 0.328004,
                    "min": 0.328004,
                    "max": 0.328004
                },
                "TOTAL": {
                    "mean": 51278.1,
                    "min": 51278.1,
                    "max": 51278.1
                }
            }
        },
        "110": {
            "20": {
                "TOTAL_TIME": {
                    "mean": 16771.44503593445,
                    "min": 16771.44503593445,
                    "max": 16771.44503593445
                },
                "initialization": {
                    "mean": 399.996,
                    "min": 399.996,
                    "max": 399.996
                },
                "Load tiff": {
                    "mean": 35.82,
                    "min": 35.82,
                    "max": 35.82
                },
                "Offset": {
                    "mean": 2.64103,
                    "min": 2.64103,
                    "max": 2.64103
                },
                "Pic to device async": {
                    "mean": 0.0640107,
                    "min": 0.0640107,
                    "max": 0.0640107
                },
                "Load push job": {
                    "mean": 0.00581397,
                    "min": 0.00581397,
                    "max": 0.00581397
                },
                "Transfer neighbors": {
                    "mean": 0.332409,
                    "min": 0.332409,
                    "max": 0.332409
                },
                "Offset wait": {
                    "mean": 4.56332,
                    "min": 4.56332,
                    "max": 4.56332
                },
                "Offset push": {
                    "mean": 0.00873654,
                    "min": 0.00873654,
                    "max": 0.00873654
                },
                "Finalize wait": {
                    "mean": 5.74139,
                    "min": 5.74139,
                    "max": 5.74139
                },
                "Subpixel max": {
                    "mean": 0.0484455,
                    "min": 0.0484455,
                    "max": 0.0484455
                },
                "Offsets finalisation": {
                    "mean": 0.00781798,
                    "min": 0.00781798,
                    "max": 0.00781798
                },
                "Finalize": {
                    "mean": 1.47219,
                    "min": 1.47219,
                    "max": 1.47219
                },
                "TOTAL": {
                    "mean": 16615.0,
                    "min": 16615.0,
                    "max": 16615.0
                }
            },
            "110": {
                "TOTAL_TIME": {
                    "mean": 254859.45177078247,
                    "min": 254859.45177078247,
                    "max": 254859.45177078247
                },
                "initialization": {
                    "mean": 549.982,
                    "min": 549.982,
                    "max": 549.982
                },
                "Load tiff": {
                    "mean": 19.8168,
                    "min": 19.8168,
                    "max": 19.8168
                },
                "Offset": {
                    "mean": 113.042,
                    "min": 113.042,
                    "max": 113.042
                },
                "Pic to device async": {
                    "mean": 0.0793792,
                    "min": 0.0793792,
                    "max": 0.0793792
                },