{
    
    "Load TIFF": {
        "mean": 1.0372285714285714,
        "stdev": 0.011158583286079915,
        "stdev%": 0.01075807550375443,
        "min": 1.01873,
        "max": 1.04814
    },
    "Compute sums": {
        "mean": 0.07197515714285714,
        "stdev": 0.011703180966972792,
        "stdev%": 0.2156307624589901,
        "min": 0.0378944,
        "max": 0.0661739
    },
    "Run prepare": {
        "mean": 0.12123428571428571,
        "stdev": 0.00280011539566633,
        "stdev%": 0.040778020407859744,
        "min": 0.0647516,
        "max": 0.0734783
    },
    "FFT": {
        "mean": 0.6709352857142857,
        "stdev": 0.001317573075591541,
        "stdev%": 0.0022196157008773257,
        "min": 0.592068,
        "max": 0.596062
    },
    "Multiply": {
        "mean": 0.38338242857142857,
        "stdev": 0.004047692117267626,
        "stdev%": 0.03437876646465265,
        "min": 0.112696,
        "max": 0.123081
    },
    "Inverse FFT": {
        "mean": 1.4695,
        "stdev": 0.018011051879596708,
        "stdev%": 0.035378627179866805,
        "min": 0.48636,
        "max": 0.534286
    },
    "Compute max arg": {
        "mean": 0.142134,
        "stdev": 0.0038777551253761436,
        "stdev%": 0.047208479971535044,
        "min": 0.0759627,
        "max": 0.0887143
    },
    "Extract neighbors": {
        "mean": 0.04497157142857143,
        "stdev": 0.002174658634295112,
        "stdev%": 0.048356296327094844,
        "min": 0.0423043,
        "max": 0.0487267
    },
    "Compute subpixel maxima": {
        "mean": 0.0369237,
        "stdev": 0.0005390705038260189,
        "stdev%": 0.02695593197094121,
        "min": 0.0193416,
        "max": 0.0206584
    }
}