{
    "TOTAL_TIME": {
        "mean": 696.9435214996338,
        "stdev": 4.586267896188894,
        "stdev%": 0.006580544555921098,
        "min": 693.3948993682861,
        "max": 704.4453620910645
    },
    "Run cross corr": {
        "mean": 0.1741447142857143,
        "stdev": 0.005567636833052415,
        "stdev%": 0.03197132256289876,
        "min": 0.168957,
        "max": 0.182273
    },
    "Load tiff": {
        "mean": 1.0372285714285714,
        "stdev": 0.011158583286079915,
        "stdev%": 0.01075807550375443,
        "min": 1.01873,
        "max": 1.04814
    },
    "R2C": {
        "mean": 0.5936041428571428,
        "stdev": 0.001317573075591541,
        "stdev%": 0.0022196157008773257,
        "min": 0.592068,
        "max": 0.596062
    },
    "Pic to device": {
        "mean": 0.017013314285714287,
        "stdev": 0.0013215107811750542,
        "stdev%": 0.07767509369321993,
        "min": 0.0158509,
        "max": 0.0193168
    },
    "C2R": {
        "mean": 0.5090941428571428,
        "stdev": 0.018011051879596708,
        "stdev%": 0.035378627179866805,
        "min": 0.48636,
        "max": 0.534286
    },
    "Run sums": {
        "mean": 0.054274171428571424,
        "stdev": 0.011703180966972792,
        "stdev%": 0.2156307624589901,
        "min": 0.0378944,
        "max": 0.0661739
    },
    "Multiply": {
        "mean": 0.11773814285714286,
        "stdev": 0.004047692117267626,
        "stdev%": 0.03437876646465265,
        "min": 0.112696,
        "max": 0.123081
    },
    "Run prepare": {
        "mean": 0.06866727142857143,
        "stdev": 0.00280011539566633,
        "stdev%": 0.040778020407859744,
        "min": 0.0647516,
        "max": 0.0734783
    },
    "Run maxarg": {
        "mean": 0.08214107142857142,
        "stdev": 0.0038777551253761436,
        "stdev%": 0.047208479971535044,
        "min": 0.0759627,
        "max": 0.0887143
    },
    "Maxes transfer": {
        "mean": 0.00888909,
        "stdev": 0.0008957584262883977,
        "stdev%": 0.10077054302390881,
        "min": 0.00791304,
        "max": 0.0107081
    },
    "Run extract neigh": {
        "mean": 0.04497157142857143,
        "stdev": 0.002174658634295112,
        "stdev%": 0.048356296327094844,
        "min": 0.0423043,
        "max": 0.0487267
    },
    "Transfer neighbors": {
        "mean": 0.00267702,
        "stdev": 0.0001936105134886361,
        "stdev%": 0.07232314793637555,
        "min": 0.00240373,
        "max": 0.00290062
    },
    "Subpixel max": {
        "mean": 0.019998214285714286,
        "stdev": 0.0005390705038260189,
        "stdev%": 0.02695593197094121,
        "min": 0.0193416,
        "max": 0.0206584
    },
    "Offsets finalisation": {
        "mean": 0.00021561655714285715,
        "stdev": 0.00012374188899341856,
        "stdev%": 0.5738978983484703,
        "min": 7.45342e-05,
        "max": 0.000428571
    },
    "TOTAL": {
        "mean": 2.020007142857143,
        "stdev": 0.030469143798431915,
        "stdev%": 0.015083681216758313,
        "min": 1.97519,
        "max": 2.06345
    }
}